{"cameraMode":{"drawMode":0,"name":"Shaded","section":"Shading Mode"},"sceneLighting":true,"audioPlay":false,"sceneViewState":{"m_AlwaysRefresh":false,"showFog":true,"showSkybox":true,"showFlares":true,"showImageEffects":true,"showParticleSystems":true,"showVisualEffectGraphs":true,"m_FxEnabled":true},"in2DMode":false,"pivot":{"x":-0.5999999046325684,"y":6.3899993896484379,"z":-5.520000457763672},"rotation":{"x":-0.410566121339798,"y":-0.029537511989474298,"z":0.013308316469192505,"w":-0.9112570881843567},"size":0.8660253882408142,"orthographic":false}